1,google.com
2,youtube.com
3,facebook.com
4,tmall.com
5,baidu.com
6,qq.com
7,sohu.com
8,taobao.com
9,amazon.com
10,yahoo.com
11,360.cn
12,jd.com
13,wikipedia.org
14,zoom.us
15,weibo.com
16,sina.com.cn
17,live.com
18,reddit.com
19,microsoft.com
20,xinhuanet.com
21,office.com
22,netflix.com
23,microsoftonline.com
24,okezone.com
25,vk.com
26,instagram.com
27,yahoo.co.jp
28,csdn.net
29,myshopify.com
30,amazon.in
31,alipay.com
32,naver.com
33,bongacams.com
34,zhanqi.tv
35,bing.com
36,apple.com
37,google.com.hk
38,panda.tv
39,ebay.com
40,twitch.tv
41,china.com.cn
42,aliexpress.com
43,adobe.com
44,tianya.cn
45,amazon.co.jp
46,google.co.in
47,livejasmin.com
48,yandex.ru
49,flipkart.com
50,tribunnews.com
51,chaturbate.com
52,dropbox.com
53,instructure.com
54,linkedin.com
55,twitter.com
56,wordpress.com
57,yy.com
58,msn.com
59,aparat.com
60,1688.com
61,google.cn
62,mail.ru
63,pornhub.com
64,sogou.com
65,amazonaws.com
66,huanqiu.com
67,whatsapp.com
68,ok.ru
69,google.com.br
70,google.co.jp
71,etsy.com
72,indeed.com
73,imdb.com
74,alibaba.com
75,17ok.com
76,mama.cn
77,rakuten.co.jp
78,amazon.co.uk
79,cnn.com
80,google.de
81,kumparan.com
82,nytimes.com
83,espn.com
84,jrj.com.cn
85,spotify.com
86,okta.com
87,kompas.com
88,walmart.com
89,canva.com
90,detik.com
91,babytree.com
92,bbc.com
93,pixnet.net
94,daum.net
95,gome.com.cn
96,google.ru
97,hao123.com
98,thestartmagazine.com
99,grid.id
100,google.fr
101,so.com
102,udemy.com
103,zillow.com
104,cnblogs.com
105,aliyun.com
106,metropoles.com
107,quizlet.com
108,google.es
109,amazon.de
110,google.it
111,ettoday.net
112,getadblock.com
113,wetransfer.com
114,soundcloud.com
115,tumblr.com
116,fandom.com
117,stackexchange.com
118,paypal.com
119,github.com
120,telegram.org
121,pikiran-rakyat.com
122,grammarly.com
123,onlinesbi.com
124,tradingview.com
125,padlet.com
126,stackoverflow.com
127,ilovepdf.com
128,nih.gov
129,rednet.cn
130,6.cn
131,google.com.tw
132,xhamster.com
133,booking.com
134,roblox.com
135,google.com.sg
136,tiktok.com
137,sindonews.com
138,indiatimes.com
139,salesforce.com
140,hotstar.com
141,shutterstock.com
142,chase.com
143,google.com.mx
144,bilibili.com
145,researchgate.net
146,vimeo.com
147,slideshare.net
148,speedtest.net
149,bbc.co.uk
150,pinterest.com
151,google.co.uk
152,tistory.com
153,tokopedia.com
154,theguardian.com
155,intuit.com
156,savefrom.net
157,amazon.ca
158,digikala.com
159,youm7.com
160,primevideo.com
161,wix.com
162,craigslist.org
163,google.com.tr
164,duckduckgo.com
165,avito.ru
166,setn.com
167,163.com
168,bet9ja.com
169,washingtonpost.com
170,zhihu.com
171,godaddy.com
172,ups.com
173,iqiyi.com
174,bestbuy.com
175,cnet.com
176,wellsfargo.com
177,w3schools.com
178,healthline.com
179,liputan6.com
180,hdfcbank.com
181,investing.com
182,breitbart.com
183,foxnews.com
184,ebay.de
185,suara.com
186,skype.com
187,bukalapak.com
188,businessinsider.com
189,pexels.com
190,force.com
191,google.ca
192,mediafire.com
193,ikea.com
194,blackboard.com
195,google.com.sa
196,smallpdf.com
197,homedepot.com
198,wikihow.com
199,chegg.com
200,worldometers.info
201,webex.com
202,ca.gov
203,google.com.eg
204,amazon.cn
205,icicibank.com
206,xvideos.com
207,eastday.com
208,momoshop.com.tw
209,globo.com
210,taboola.com
211,google.com.ar
212,gosuslugi.ru
213,51sole.com
214,amazon.it
215,t.me
216,aliexpress.ru
217,uol.com.br
218,namu.wiki
219,behance.net
220,ebay.co.uk
221,hulu.com
222,trendyol.com
223,51.la
224,capitalone.com
225,freepik.com
226,mercadolibre.com.ar
227,haosou.com
228,mercari.com
229,chouftv.ma
230,varzesh3.com
231,ltn.com.tw
232,zerodha.com
233,medium.com
234,coursera.org
235,steamcommunity.com
236,discord.com
237,amazon.fr
238,namnak.com
239,cnbc.com
240,target.com
241,xnxx.com
242,bbcollab.com
243,google.co.th
244,merdeka.com
245,madrasati.sa
246,proiezionidiborsa.it
247,iqbroker.com
248,hootsuite.com
249,samsung.com
250,investopedia.com
251,manoramaonline.com
252,cloudfront.net
253,googlevideo.com
254,ikco.ir
255,google.co.id
256,reverso.net
257,amazon.es
258,airbnb.com
259,ladbible.com
260,dailymail.co.uk
261,scribd.com
262,t.co
263,sciencedirect.com
264,redd.it
265,lazada.sg
266,thesaurus.com
267,sahibinden.com
268,heavy.com
269,360.com
270,patria.org.ve
271,realtor.com
272,kakao.com
273,mercadolivre.com.br
274,nicovideo.jp
275,geeksforgeeks.org
276,weebly.com
277,hp.com
278,dailymotion.com
279,trello.com
280,google.pl
281,cnnic.cn
282,binance.com
283,op.gg
284,pinimg.com
285,myworkday.com
286,allegro.pl
287,shaparak.ir
288,mercadolibre.com.mx
289,indiamart.com
290,blogger.com
291,ameblo.jp
292,schoology.com
293,borna.news
294,patreon.com
295,ask.com
296,flaticon.com
297,academia.edu
298,wildberries.ru
299,shopee.tw
300,sberbank.ru
301,squarespace.com
302,theepochtimes.com
303,bet365.com
304,fivethirtyeight.com
305,softonic.com
306,gamepedia.com
307,patch.com
308,wowhead.com
309,state.gov
310,trustpilot.com
311,feedly.com
312,wikimedia.org
313,fidelity.com
314,mheducation.com
315,dell.com
316,telewebion.com
317,twimg.com
318,jianshu.com
319,weather.com
320,ouedkniss.com
321,xfinity.com
322,figma.com
323,y2mate.com
324,nike.com
325,line.me
326,istockphoto.com
327,naukri.com
328,soso.com
329,bestaryua.com
330,khanacademy.org
331,wixsite.com
332,canada.ca
333,ensonhaber.com
334,infobae.com
335,rambler.ru
336,adp.com
337,fiverr.com
338,moneycontrol.com
339,aol.com
340,marketwatch.com
341,google.com.au
342,fast.com
343,lolesports.com
344,yandex.com
345,bloomberg.com
346,hespress.com
347,surveymonkey.com
348,coursehero.com
349,alnaharegypt.com
350,rt.com
351,wsj.com
352,nypost.com
353,ballotpedia.org
354,beytoote.com
355,videocampaign.co
356,wordreference.com
357,haofang.net
358,messenger.com
359,cambridge.org
360,idntimes.com
361,nfl.com
362,oracle.com
363,google.gr
364,iyiou.com
365,elintransigente.com
366,google.com.ua
367,google.co.kr
368,orange.fr
369,zendesk.com
370,fc2.com
371,abs-cbn.com
372,pearson.com
373,verizon.com
374,coupang.com
375,biobiochile.cl
376,58.com
377,gmw.cn
378,efu.com.cn
379,google.com.vn
380,donya-e-eqtesad.com
381,cricbuzz.com
382,livejournal.com
383,uptodown.com
384,citi.com
385,ny.gov
386,chess.com
387,leboncoin.fr
388,ebay-kleinanzeigen.de
389,tutorialspoint.com
390,thepiratebay.org
391,ria.ru
392,oxu.az
393,ebay.com.au
394,quora.com
395,mos.ru
396,slack.com
397,zoho.com
398,alodokter.com
399,divar.ir
400,nikkei.com
401,dcard.tw
402,att.com
403,jpnn.com
404,azure.com
405,asos.com
406,hurriyet.com.tr
407,dhl.com
408,tahiamasr.com
409,gstatic.com
410,11st.co.kr
411,in.gr
412,chinaz.com
413,shopee.co.id
414,104.com.tw
415,archive.org
416,banvenez.com
417,brilio.net
418,kakaku.com
419,tripadvisor.com
420,qoo10.sg
421,9gag.com
422,dbs.com.sg
423,ekaie.com
424,macys.com
425,webmd.com
426,kompasiana.com
427,gsmarena.com
428,tandfonline.com
429,linktr.ee
430,redbubble.com
431,huaban.com
432,kundelik.kz
433,genius.com
434,deviantart.com
435,gmx.net
436,gismeteo.ru
437,bankofamerica.com
438,wish.com
439,reuters.com
440,namasha.com
441,bp.blogspot.com
442,ebc.net.tw
443,office365.com
444,focus.cn
445,quizizz.com
446,drakenx.io
447,mi.com
448,vnexpress.net
449,web-hosting.com
450,tejaratnews.com
451,premierleague.com
452,constantcontact.com
453,google.co.ve
454,smartsheet.com
455,gusuwang.com
456,td.com
457,irs.gov
458,81.cn
459,mathrubhumi.com
460,elbalad.news
461,sourceforge.net
462,smallseotools.com
463,qualtrics.com
464,youporn.com
465,slickdeals.net
466,deepl.com
467,google.dz
468,myworkdayjobs.com
469,shimo.im
470,1337x.to
471,360doc.com
472,mozilla.org
473,disneyplus.com
474,gitlab.com
475,inquirer.net
476,srvtrck.com
477,outbrain.com
478,ih5.cn
479,files.wordpress.com
480,sonhoo.com
481,dmm.co.jp
482,emofid.com
483,wiley.com
484,mseav.com
485,imgur.com
486,tsetmc.com
487,discordapp.com
488,crunchyroll.com
489,google.az
490,ninisite.com
491,onlyfans.com
492,doubleclick.net
493,woocommerce.com
494,sdpnoticias.com
495,zara.com
496,qdn.cn
497,hotmart.com
498,shopee.vn
499,gotomeeting.com
500,springer.com
501,teacherspayteachers.com
502,rediff.com
503,znanija.com
504,atharori.net
505,usps.com
506,tencent.com
507,olx.pl
508,marca.com
509,buzzfeed.com
510,kickstarter.com
511,taleo.net
512,techcrunch.com
513,google.ro
514,emol.com
515,yts.mx
516,mileroticos.com
517,espncricinfo.com
518,ccaonline.cn
519,amazon.com.au
520,elsevier.com
521,pixabay.com
522,xero.com
523,ibicn.com
524,fedex.com
525,zhcw.com
526,ecosia.org
527,lowes.com
528,eba.gov.tr
529,netsuite.com
530,shopee.com.my
531,amazon.ae
532,turkiye.gov.tr
533,onmarshtompor.com
534,gongkong.com
535,timeanddate.com
536,dnevnik.ru
537,mit.edu
538,uidai.gov.in
539,cnzz.com
540,playstation.com
541,kq36.com
542,wordpress.org
543,cisco.com
544,17track.net
545,bhphotovideo.com
546,zippyshare.com
547,cengage.com
548,filimo.com
549,fun48.com
550,shein.com
551,eksisozluk.com
552,onet.pl
553,royalbank.com
554,spankbang.com
555,wp.pl
556,axisbank.co.in
557,npr.org
558,yc58.com
559,mayoclinic.org
560,milliyet.com.tr
561,usnews.com
562,liansuo.com
563,hm.com
564,mgid.com
565,techradar.com
566,who.int
567,cpic.com.cn
568,reclameaqui.com.br
569,europa.eu
570,seznam.cz
571,mofidonline.com
572,convertio.co
573,saednews.com
574,addthis.com
575,google.cl
576,banggood.com
577,forbes.com
578,westernjournal.com
579,duolingo.com
580,activehosted.com
581,gyazo.com
582,google.be
583,visualstudio.com
584,cbssports.com
585,lifo.gr
586,umeng.com
587,kapanlagi.com
588,itmedia.co.jp
589,cdc.gov
590,bitly.com
591,redtube.com
592,lenta.ru
593,news18.com
594,agacelebir.com
595,betgorebysson.club
596,torob.com
597,google.com.pk
598,pngtree.com
599,eghtesadonline.com
600,ibm.com
601,google.com.pe
602,bitexworld.com
603,nicsorts-accarade.com
604,goodreads.com
605,ea.com
606,storiespace.com
607,evernote.com
608,rutracker.org
609,chinanetrank.com
610,merriam-webster.com
611,asus.com
612,babyschool.com.cn
613,arcgis.com
614,ultimate-guitar.com
615,cnnindonesia.com
616,lenovo.com
617,prothomalo.com
618,cnbcindonesia.com
619,harvard.edu
620,norton.com
621,nairaland.com
622,meituan.com
623,ozon.ru
624,web.de
625,souq.com
626,house365.com
627,albawabhnews.com
628,britannica.com
629,pixiv.net
630,onesignal.com
631,uchi.ru
632,as.com
633,rasadvarzeshi.com
634,agah.com
635,livedoor.com
636,bolasport.com
637,yoox.com
638,shopify.com
639,wondershare.com
640,caf.fr
641,online-convert.com
642,google.co.za
643,free.fr
644,box.com
645,xe.com
646,chinachugui.com
647,eatthis.com
648,chron.com
649,wiktionary.org
650,sakshi.com
651,hh.ru
652,www.gov.uk
653,gongchang.com
654,pole-emploi.fr
655,futbin.com
656,pdfdrive.com
657,steampowered.com
658,lnkam.com
659,qafqazinfo.az
660,elpais.com
661,91jm.com
662,haoyer.com
663,custhelp.com
664,depositphotos.com
665,tudou.com
666,intipseleb.com
667,editor.wix.com
668,wattpad.com
669,hamariweb.com
670,sf-express.com
671,chinayigui.com
672,people.com.cn
673,pchome.com.tw
674,eluniverso.com
675,pcbaby.com.cn
676,dw.com
677,zol.com.cn
678,bancodevenezuela.com
679,dictionary.com
680,gmarket.co.kr
681,libero.it
682,incometaxindiaefiling.gov.in
683,chaduo.com
684,kijiji.ca
685,ign.com
686,iplt20.com
687,elfagr.com
688,pandora.com
689,dmm.com
690,consultant.ru
691,it168.com
692,waveapps.com
693,americanexpress.com
694,accuweather.com
695,chinaweiyu.com
696,morningpost.com.cn
697,brainly.co.id
698,rbc.ru
699,iweihai.cn
700,oschina.net
701,riotgames.com
702,gamespot.com
703,dianping.com
704,yumpu.com
705,9384.com
706,rsaltsjt.com
707,realestate.com.au
708,kemdikbud.go.id
709,pcmag.com
710,india.com
711,discover.com
712,seesaw.me
713,ecollege.com
714,atlassian.net
715,spanishdict.com
716,protothema.gr
717,ytmp3.cc
718,themeforest.net
719,google.com.co
720,ivi.ru
721,guifun.com
722,autodesk.com
723,kahoot.it
724,tinder.com
725,politico.com
726,otvfoco.com.br
727,python.org
728,youku.com
729,iherb.com
730,sbisec.co.jp
731,weixinyunduan.com
732,get-express-vpn.online
733,shopee.co.th
734,douban.com
735,fazenda.gov.br
736,royanews.tv
737,medicalnewstoday.com
738,windowsazure.com
739,vvvdj.com
740,258.com
741,howtogeek.com
742,huffpost.com
743,elcomercio.com
744,jia400.com
745,etoro.com
746,dreamstime.com
747,mailchimp.com
748,olx.ua
749,paytm.com
750,t-mobile.com
751,hubspot.com
752,symbolab.com
753,epicgames.com
754,motorplus-online.com
755,business.site
756,tempo.co
757,sportbible.com
758,chinafloor.cn
759,dspultra.com
760,memurlar.net
761,iliangcang.com
762,pulzo.com
763,kknews.cc
764,thegatewaypundit.com
765,filmix.co
766,asriran.com
767,google.com.my
768,olx.com.br
769,go.com
770,5ch.net
771,made-in-china.com
772,xabbs.com
773,dafont.com
774,lun.com
775,61ef.cn
776,pixlr.com
777,cnbeta.com
778,laodong.vn
779,statista.com
780,urdupoint.com
781,epfindia.gov.in
782,repubblica.it
783,gamer.com.tw
784,v2ex.com
785,huawei.com
786,entrepreneur.com
787,upwork.com
788,express.dhl
789,interia.pl
790,nate.com
791,nalog.ru
792,xianjichina.com
793,mercadolibre.com.ve
794,aofex.com
795,yixiin.com
796,gearbest.com
797,winshang.com
798,runoob.com
799,google.at
800,sudannews365.org
801,alicdn.com
802,brainly.com.br
803,ebay.it
804,zalo.me
805,banesconline.com
806,google.ae
807,republika.co.id
808,sputniknews.com
809,kooora.com
810,irctc.co.in
811,indianexpress.com
812,mlb.com
813,trontv.com
814,caixa.gov.br
815,study.com
816,123rf.com
817,doordash.com
818,myfreshposts.com
819,www.gov.cn
820,tiaomu.com
821,strava.com
822,e-taxes.gov.az
823,myntra.com
824,thefreedictionary.com
825,bankmellat.ir
826,hsbc.com.hk
827,eee114.com
828,kontan.co.id
829,mercadolibre.com
830,kohls.com
831,bild.de
832,livedoor.jp
833,onelogin.com
834,brainly.lat
835,mrporter.com
836,google.nl
837,nyaa.si
838,sabq.org
839,rahavard365.com
840,hk01.com
841,mercadolibre.com.co
842,goo.ne.jp
843,rakuten-bank.co.jp
844,huim.com
845,microsoftstream.com
846,getresponse.com
847,tgju.org
848,rediffmailpro.com
849,ameli.fr
850,wrike.com
851,tutsplus.com
852,boc.cn
853,yenisafak.com
854,nvidia.com
855,mawdoo3.com
856,gap.com
857,zhaket.com
858,ccavenue.com
859,ptt.cc
860,poste.it
861,sq.cn
862,biblegateway.com
863,engadget.com
864,uzone.id
865,cargurus.com
866,uber.com
867,postlnk.com
868,eghtesadnews.com
869,nur.kz
870,mufg.jp
871,informer.com
872,rezka.ag
873,bandcamp.com
874,yelp.com
875,spiegel.de
876,myanimelist.net
877,nhk.or.jp
878,unsplash.com
879,dcinside.com
880,shomanews.com
881,yektanet.com
882,hbomax.com
883,51yes.com
884,parsfootball.com
885,ziprecruiter.com
886,redfin.com
887,disqus.com
888,dagospia.com
889,gtmetrix.com
890,chinamenwang.com
891,prezi.com
892,valuecommerce.com
893,sarkariresult.com
894,msi.com
895,axisbank.com
896,commonapp.org
897,brainly.com
898,126.com
899,dawn.com
900,apple.com.cn
901,edx.org
902,36kr.com
903,hatena.ne.jp
904,rencaijob.com
905,impots.gouv.fr
906,drom.ru
907,haberturk.com
908,diply.com
909,b2b168.com
910,afip.gob.ar
911,realclearpolitics.com
912,ed.gov
913,xiami.com
914,auth0.com
915,iobit.com
916,bola.net
917,brainly.in
918,toppr.com
919,livescore.com
920,daraz.pk
921,epwk.com
922,2m.ma
923,justdial.com
924,mosreg.ru
925,billdesk.com
926,vitalsource.com
927,bhaskar.com
928,superuser.com
929,mynet.com
930,aastocks.com
931,mydramalist.com
932,pornhubpremium.com
933,docin.com
934,jooble.org
935,kompas.tv
936,mercantilbanco.com
937,intel.com
938,yodobashi.com
939,miro.com
940,cdiscount.com
941,issuu.com
942,zingnews.vn
943,wowkeren.com
944,producthunt.com
945,ndtv.com
946,cretgate.com
947,subito.it
948,zhibo8.cc
949,seek.com.au
950,scotiabank.com
951,youth.cn
952,firefoxchina.cn
953,moneyforward.com
954,t-online.de
955,vectorstock.com
956,rbcroyalbank.com
957,enerateok.top
958,chosun.com
959,commbank.com.au
960,pdf2go.com
961,google.ch
962,lanacion.com.ar
963,cybozu.com
964,secureserver.net
965,ukr.net
966,apartments.com
967,thehill.com
968,tut.by
969,sdamgia.ru
970,sbrf.ru
971,xda-developers.com
972,soft98.ir
973,bluehost.com
974,tamin.ir
975,xbox.com
976,users.wix.com
977,jb51.net
978,farfetch.com
979,lentainform.com
980,jstor.org
981,cima4u.io
982,artstation.com
983,rarbg.to
984,smm.cn
985,yourdictionary.com
986,multiurok.ru
987,motorsport.com
988,alayam24.com
989,kitco.com
990,fotor.com
991,mybigcommerce.com
992,stanford.edu
993,n-tv.de
994,glassdoor.com
995,usbank.com
996,sporx.com
997,a8.net
998,uniqlo.com
999,alwakeelnews.com
1000,rakuten-sec.co.jp
